INSERT INTO VALIDATOR (VALIDATOR_NO, SERIAL_NO, GSM_NO, CREATED_DATE, ISACTIVE)
VALUES 
(1001,'A9X4T7M2','905324567890', GETDATE(), 1),
(1002,'ZK81L1QW','905051234567', GETDATE(), 1),
(1003,'M5R8N2YE','905469876543', GETDATE(), 1),
(1004,'C7V2H9PX','905532109876', GETDATE(), 1),
(1005,'TQ4B6D1Z','905306543219', GETDATE(), 1)


-- OLMADI BU
INSERT INTO VEHICLE (PLATE, VALIDATOR_NO, VEHICLE_BRAND, VEHICLE_MODEL, LINE_ID)
VALUES
('34ABC123',1001,'MERCEDES','TRAVEGO', 1),
('06ZY456',1002,'MAN','LION''S COACH', 2),
('35KLM890',1003,'NEOPLAN','TOURLINER', 3),
('16TR202',1004,'SETRA','S517HD', 4), 
('81DZC778',1005,'TEMSA','MARATON', 5);


INSERT INTO CARDTYPES (CARD_TYPE, PRICE)
VALUES
('FREE',5.0),
('ADULT',25.0),
('STUDENT',12.0),
('TEACHER',18.0),
('VETERAN',15.0);


INSERT INTO CARDS(CARD_NO, CARD_TYPE_ID, BALANCE, EXPIRATION_DATE, ISACTIVE, MODIFIED_DATE)
VALUES
(85215, 1, 948.72,'2035-10-05', 1, GETDATE()),
(73498, 2, 953.52,'2031-07-25', 1, GETDATE()),
(29871, 3, 931.10,'2037-06-14', 1, GETDATE()),
(90273, 4, 924.47,'2036-12-28', 1, GETDATE()),
(49218, 5, 949.21,'2039-04-30', 1, GETDATE());

-- EN SON
INSERT INTO TRANSACTIONS (VEHICLE_ID, CARD_ID, CARD_NO, CARD_TYPE_ID, DEVICE_TYPE_ID, TRANSACTION_DATE, SPENT_AMOUNT, REMAINING_BALANCE, PRE_BALANCE, SYSTEM_TIME_, LOCATION_INFO)
VALUES
(1, 2, 85215, 1, 1, '2025-09-02', 5.0, 943.72, 948.72, GETDATE(), NULL), 
(2, 3, 73498, 2, 2, '2025-08-27', 25.0, 928.52, 953.52, GETDATE(), NULL), 
(3, 4, 29871, 3, 3, '2025-08-18', 12.0, 919.10, 931.10, GETDATE(), NULL), 
(4, 5, 90273, 4, 4, '2025-07-24', 18.0, 906.47, 924.47, GETDATE(), NULL), 
(5, 1, 49218, 5, 5, '2025-07-13', 15.0, 934.21, 949.21, GETDATE(), NULL)


INSERT INTO INSTITUTION (INSTITUTION_NAME, INSTITUTION_ADDRESS, INSTITUTION_GSM_NO)
VALUES 
('ANKARA ULAÞIM', 'SAKARYA', '905324567890'),
('ÝZMÝR ULAÞIM', 'ÝZMÝR', '905285514962'),
('SAKARYA ULAÞIM', 'SAKARYA', '905846247135'),
('HATAY ULAÞIM', 'HATAY', '9052498527463'),
('BURSA ULAÞIM', 'BURSA', '905378310842'),
('ÞANLIURFA ULAÞIM', 'ÞANLIURFA', '905324658001')


INSERT INTO DEALER (DEALER_NAME, INSTITUTION_ID, DEALER_GSM_NO, DEALER_ADRESS)
VALUES
('DEALER1', 1, '905326548791', 'ÇANKAYA'),
('DEALER2', 2, '905387421965', 'KONAK'), 
('DEALER3', 3, '905429135628', 'ADAPAZARI'),
('DEALER4', 4, '905283749012', 'ÝSKENDERUN'),
('DEALER5', 5, '905368214759', 'OSMANGAZÝ'),
('DEALER6', 6, '905306921584', 'EYYÜBÝYE')


INSERT INTO POS (POS_CODE, POS_LOCATION, DEALER_ID)
VALUES
('POS-ANK-001', 'ÇANKAYA KIOSK', 1),
('POS-IZM-002', 'KONAK KIOSK', 2),
('POS-SKR-003', 'ADAPAZARI KIOSK', 3),
('POS-HTY-004', 'ÝSKENDERUN KIOSK', 4),
('POS-BRS-005', 'OSMANGAZÝ KIOSK', 5),
('POS-URF-001', 'EYYÜBÝYE KIOSK', 6)


INSERT INTO LINES (LINE_CODE, LINE_NAME, ROUTE_INFO) VALUES
('M1', 'METRO HAT 1', 'KIZILAY - BATIKENT'),
('M2', 'METRO HAT 2', 'KIZILAY - ÇAYYOLU'),
('B1', 'OTOBÜS HAT 1', 'ULUS - SýHHIYE'),
('B2', 'OTOBÜS HAT 2', 'ÇANKAYA - KEÇÝÖREN'),
('B3', 'OTOBÜS HAT 3', 'MAMAK - YENÝMAHALLE')


INSERT INTO DEVICE_TYPES (DEVICE_TYPE_NAME, DESCRIPTION) VALUES
('VALIDATOR', 'ARAÇ ÝÇÝ VALIDATOR CÝHAZI'),
('KIOSK', 'YÜKLEME KÝOSKU'),
('POS', 'DEALER POS CÝHAZI'),
('MOBILE_APP', 'MOBÝL UYGULAMA'),
('WEB_APP', 'WEB UYGULAMASI')


INSERT INTO TOPUPTRANSACTIONS (CARD_ID, POS_ID, DEALER_ID, INSTITUTION_ID, AMOUNT, TOP_UP_CHANNEL, TOP_UP_TRANSACTION_DATE)
VALUES
(1, 1, 1, 1, 51, 'KIOSK', '2025-01-11'),
(2, NULL, 2, 2, 37, 'DEALER', '2025-01-24'),
(3, NULL, NULL, 3, 24, 'MOBILE', '2025-01-15'),
(4, NULL, NULL, 4, 53, 'WEB', '2025-01-08'),
(5, 3, 3, 5, 32, 'POS', '2025-01-12')


-- MOBILE VE WEB POSID VE DEALER ID NULL OLACAK
-- DEALER POS ID NULL OLACAK
